,WARD_PRECI,Median Household Income,Per Capita Income
0,0102,81150,46397
1,0105,76775,40514
2,0203,119741,73158
3,0205,134370,75792
4,0204,100823,70290
5,0206,134370,75792
6,0303,111813,93927
7,0304,109571,85877
8,0307,86173,84509
9,0402,112658,110534
10,0401,118360,109634
11,0403,113051,102348
12,0405,70496,70321
13,0406,58412,70874
14,0404,101041,96783
15,0408,29437,18938
16,0409,25456,23031
17,0504,106211,96740
18,0503,115506,102043
19,0501,89603,93688
20,0902,59607,59215
21,0901,82912,84833
22,0502,55561,54435
23,0603,99368,73710
24,0605,136173,59090
25,0606,137045,68900
26,0602,99368,73710
27,0608,136311,72798
28,0702,137045,68900
29,0706,80478,54498
30,0805,41507,21649
31,0803,41273,26325
32,1201,32847,21290
33,0905,32150,22127
34,1002,45979,26700
35,1001,41014,22456
36,0904,26942,17222
37,0903,38816,35953
38,0804,26271,18078
39,0806,41132,18815
40,0709,56207,27835
41,0710,58833,30732
42,0807,38902,20407
43,1006,66026,39754
44,1003,46722,26688
45,1101,36200,25524
46,1007,55240,32903
47,1209,31982,22770
48,1103,26812,21020
49,1105,46111,23093
50,1106,93900,54449
51,1107,93900,42365
52,1104,42976,27073
53,1206,32949,21392
54,1204,37689,21837
55,1205,29964,22820
56,1301,38737,20908
57,1306,80203,43466
58,1308,80870,41771
59,1304,38371,22876
60,1302,43819,23245
61,1307,80870,41771
62,1309,80203,43466
63,1305,56838,30687
64,1401,39059,21204
65,1406,31514,18256
66,1404,41265,20694
67,1403,30475,17842
68,1503,43634,21328
69,1501,50218,27557
70,1502,45986,21612
71,1504,62924,35075
72,1505,48793,22455
73,1507,43634,21328
74,1508,61682,29568
75,1506,66121,37548
76,1509,52620,25340
77,1009,90651,55353
78,1908,121445,67982
79,1906,108603,60066
80,1901,97945,57549
81,2104,52119,35559
82,2105,58035,37010
83,2107,57241,38433
84,2108,64363,40445
85,2106,68759,38982
86,2110,60712,39468
87,2115,73729,41071
88,2202,68858,34549
89,2203,74973,39882
90,2207,107462,49722
91,2213,107462,49722
92,2204,114402,52532
93,2210,92347,44440
94,1108,79840,36344
95,0705,72876,47150
96,2209,78010,38142
97,2111,62478,41689
98,2113,76024,41517
99,2206,74761,38585
100,2109,66070,40324
101,2101,41606,52045
102,1005,42066,26010
103,0704,99450,57912
104,0708,68012,44479
105,1203,32131,22018
106,1202,30977,21202
107,1102,35196,25133
108,1904,97049,54066
109,1905,131678,73223
110,1903,125502,70770
111,1402,41258,21238
112,1407,32148,19148
113,1409,31125,13871
114,1413,49674,21150
115,1412,40964,19163
116,1410,38506,19137
117,1405,49674,21150
118,1414,44658,19682
119,1601,61682,29568
120,1701,51088,24644
121,1702,64448,29044
122,1607,81877,44120
123,1605,74545,39435
124,1603,65798,31753
125,1609,88309,47496
126,1706,62355,29224
127,1709,64054,28012
128,1711,72536,35019
129,1604,66084,32348
130,1606,75335,38235
131,1608,78464,39580
132,1611,85165,42612
133,1705,45855,23153
134,1708,58805,26472
135,1707,48372,23606
136,1710,57703,24410
137,1712,64126,29638
138,1704,74014,35720
139,1802,50235,23176
140,1821,53553,24849
141,1807,64615,31883
142,1808,68250,29414
143,1809,89091,37618
144,1810,81419,36191
145,1811,90589,42773
146,1813,79539,33804
147,1814,72870,28962
148,1822,85034,37767
149,1805,63464,30750
150,1806,62995,28518
151,1815,73965,31560
152,1819,74205,32506
153,1911,85977,40854
154,1913,78620,38277
155,1912,67342,34668
156,2004,106222,50167
157,2009,75216,38530
158,2007,112071,56193
159,2019,110429,56582
160,2006,121629,58458
161,2020,112138,53914
162,2013,105139,53392
163,2016,71418,42305
164,2010,95885,50012
165,2005,98071,50346
166,1703,55574,26348
167,1110,93882,53865
168,1109,96105,59077
169,1902,120540,62843
170,2017,112138,53914
171,2015,65367,37208
172,1910,74459,34968
173,1801,62769,30977
174,1714,75388,38756
175,1804,65898,32184
176,2012,115839,55707
177,2014,101616,50283
178,1820,89906,36478
179,2018,115839,55707
180,2001,106617,56043
181,1207,43014,24008
182,1411,42190,16864
183,1907,91393,45773
184,1803,51424,23039
185,1408,55052,26458
186,1909,131452,68075
187,1208,26390,21396
188,0207,105905,75038
189,0202,87660,68340
190,0306,109913,93346
191,0302,104441,85982
192,2103,55629,33342
193,2114,67282,40684
194,2201,68858,34549
195,2205,79751,40896
196,2212,87962,41217
197,2211,97798,43252
198,2208,87159,41784
199,2116,77920,41378
200,2112,68195,45786
201,0510,48910,48122
202,2102,48606,28655
203,1310,68510,40337
204,1303,58290,35816
205,1610,87912,46983
206,1713,88108,45780
207,1612,92214,51571
208,1602,80646,40098
209,0604,137604,75229
210,0607,136311,63296
211,0701,135860,69054
212,0609,136448,54833
213,0707,76308,48616
214,0703,86903,49614
215,0308,71872,64531
216,0801,71383,64634
217,0601,112993,70201
218,0305,103671,81508
219,0201,112741,74470
220,0108,56037,28604
221,0103,72098,43693
222,0106,55989,30036
223,0109,55571,30377
224,0107,48738,28996
225,0101,93699,52756
226,0114,61660,32333
227,0112,81197,45081
228,0511,112005,102578
229,0505,120922,114882
230,0110,73488,41073
231,0111,79438,50653
232,1004,44802,45637
233,0802,59958,54079
234,2011,109888,55088
235,2008,108026,54013
236,0410,36321,27148
237,0407,32806,39053
238,1008,52792,44308
239,0301,120311,107432
240,0507,134231,127709
241,0508,125362,127447
242,0506,135261,125426
243,0509,74989,78658
244,1812,91770,38132
245,1823,76008,32026
246,2003,82101,41490
247,1816,69653,31704
248,1817,79156,37636
249,1818,80374,35657
250,0502A,49867,39153
251,0115,0,8930
252,0104,70361,41089
253,2002,91077,44560
